ユーザーID,開始日時,終了日時,条件,経過時間(秒),イベントタイプ,Y座標,スクロール率,表示メッセージID,シナリオID
nszw26001_pdZHBtzAdm,2026-01-27_23-20-45,2026-01-27_23-34-02,ItoE_noname, 36.654, Wheel, -589.0, 1.00, 3-4, 0
nszw26001_pdZHBtzAdm,2026-01-27_23-20-45,2026-01-27_23-34-02,ItoE_noname, 56.734, Wheel, -1551.0, 1.00, 7-8, 0
nszw26001_pdZHBtzAdm,2026-01-27_23-20-45,2026-01-27_23-34-02,ItoE_noname, 56.796, Wheel, -1545.5, 0.99, 7-8, 0
nszw26001_pdZHBtzAdm,2026-01-27_23-20-45,2026-01-27_23-34-02,ItoE_noname, 56.846, Wheel, -1536.2, 0.99, 7-8, 0
nszw26001_pdZHBtzAdm,2026-01-27_23-20-45,2026-01-27_23-34-02,ItoE_noname, 57.064, Wheel, -1502.4, 0.96, 7-8, 0
nszw26001_pdZHBtzAdm,2026-01-27_23-20-45,2026-01-27_23-34-02,ItoE_noname, 57.432, Wheel, -1474.1, 0.95, 7-8, 0
nszw26001_pdZHBtzAdm,2026-01-27_23-20-45,2026-01-27_23-34-02,ItoE_noname, 57.449, Wheel, -1471.7, 0.94, 7-8, 0
nszw26001_pdZHBtzAdm,2026-01-27_23-20-45,2026-01-27_23-34-02,ItoE_noname, 57.482, Wheel, -1464.0, 0.94, 7-8, 0
nszw26001_pdZHBtzAdm,2026-01-27_23-20-45,2026-01-27_23-34-02,ItoE_noname, 57.499, Wheel, -1458.7, 0.94, 7-8, 0
nszw26001_pdZHBtzAdm,2026-01-27_23-20-45,2026-01-27_23-34-02,ItoE_noname, 57.517, Wheel, -1451.9, 0.93, 6-7-8, 0
nszw26001_pdZHBtzAdm,2026-01-27_23-20-45,2026-01-27_23-34-02,ItoE_noname, 57.549, Wheel, -1443.8, 0.93, 6-7-8, 0
nszw26001_pdZHBtzAdm,2026-01-27_23-20-45,2026-01-27_23-34-02,ItoE_noname, 57.901, Wheel, -1361.1, 0.87, 6-7-8, 0
nszw26001_pdZHBtzAdm,2026-01-27_23-20-45,2026-01-27_23-34-02,ItoE_noname, 57.967, Wheel, -1350.7, 0.87, 6-7-8, 0
nszw26001_pdZHBtzAdm,2026-01-27_23-20-45,2026-01-27_23-34-02,ItoE_noname, 58.016, Wheel, -1340.0, 0.86, 6-7-8, 0
nszw26001_pdZHBtzAdm,2026-01-27_23-20-45,2026-01-27_23-34-02,ItoE_noname, 58.050, Wheel, -1330.6, 0.85, 6-7-8, 0
nszw26001_pdZHBtzAdm,2026-01-27_23-20-45,2026-01-27_23-34-02,ItoE_noname, 58.118, Wheel, -1310.1, 0.84, 6-7-8, 0
nszw26001_pdZHBtzAdm,2026-01-27_23-20-45,2026-01-27_23-34-02,ItoE_noname, 59.071, Wheel, -1251.1, 0.80, 6-7-8, 0
nszw26001_pdZHBtzAdm,2026-01-27_23-20-45,2026-01-27_23-34-02,ItoE_noname, 59.104, Wheel, -1247.3, 0.80, 6-7-8, 0
nszw26001_pdZHBtzAdm,2026-01-27_23-20-45,2026-01-27_23-34-02,ItoE_noname, 59.121, Wheel, -1243.6, 0.80, 6-7-8, 0
nszw26001_pdZHBtzAdm,2026-01-27_23-20-45,2026-01-27_23-34-02,ItoE_noname, 59.154, Wheel, -1233.6, 0.79, 6-7-8, 0
nszw26001_pdZHBtzAdm,2026-01-27_23-20-45,2026-01-27_23-34-02,ItoE_noname, 59.171, Wheel, -1227.4, 0.79, 6-7-8, 0
nszw26001_pdZHBtzAdm,2026-01-27_23-20-45,2026-01-27_23-34-02,ItoE_noname, 59.505, Wheel, -1160.2, 0.75, 6-7-8, 0
nszw26001_pdZHBtzAdm,2026-01-27_23-20-45,2026-01-27_23-34-02,ItoE_noname, 59.522, Wheel, -1157.3, 0.74, 6-7-8, 0
nszw26001_pdZHBtzAdm,2026-01-27_23-20-45,2026-01-27_23-34-02,ItoE_noname, 59.555, Wheel, -1148.5, 0.74, 6-7, 0
nszw26001_pdZHBtzAdm,2026-01-27_23-20-45,2026-01-27_23-34-02,ItoE_noname, 59.572, Wheel, -1142.7, 0.74, 6-7, 0
nszw26001_pdZHBtzAdm,2026-01-27_23-20-45,2026-01-27_23-34-02,ItoE_noname, 59.605, Wheel, -1129.1, 0.73, 6-7, 0
nszw26001_pdZHBtzAdm,2026-01-27_23-20-45,2026-01-27_23-34-02,ItoE_noname, 59.957, Wheel, -1059.5, 0.68, 5-6-7, 0
nszw26001_pdZHBtzAdm,2026-01-27_23-20-45,2026-01-27_23-34-02,ItoE_noname, 59.977, Wheel, -1056.6, 0.68, 5-6-7, 0
nszw26001_pdZHBtzAdm,2026-01-27_23-20-45,2026-01-27_23-34-02,ItoE_noname, 59.995, Wheel, -1052.1, 0.68, 5-6, 0
nszw26001_pdZHBtzAdm,2026-01-27_23-20-45,2026-01-27_23-34-02,ItoE_noname, 60.023, Wheel, -1046.0, 0.67, 5-6, 0
nszw26001_pdZHBtzAdm,2026-01-27_23-20-45,2026-01-27_23-34-02,ItoE_noname, 60.040, Wheel, -1038.5, 0.67, 5-6, 0
nszw26001_pdZHBtzAdm,2026-01-27_23-20-45,2026-01-27_23-34-02,ItoE_noname, 60.108, Wheel, -1008.4, 0.65, 5-6, 0
nszw26001_pdZHBtzAdm,2026-01-27_23-20-45,2026-01-27_23-34-02,ItoE_noname, 60.408, Wheel, -942.6, 0.61, 4-5-6, 0
nszw26001_pdZHBtzAdm,2026-01-27_23-20-45,2026-01-27_23-34-02,ItoE_noname, 60.441, Wheel, -936.6, 0.60, 4-5-6, 0
nszw26001_pdZHBtzAdm,2026-01-27_23-20-45,2026-01-27_23-34-02,ItoE_noname, 60.459, Wheel, -932.0, 0.60, 4-5-6, 0
nszw26001_pdZHBtzAdm,2026-01-27_23-20-45,2026-01-27_23-34-02,ItoE_noname, 60.493, Wheel, -920.4, 0.59, 4-5-6, 0
nszw26001_pdZHBtzAdm,2026-01-27_23-20-45,2026-01-27_23-34-02,ItoE_noname, 60.509, Wheel, -913.5, 0.59, 4-5-6, 0
nszw26001_pdZHBtzAdm,2026-01-27_23-20-45,2026-01-27_23-34-02,ItoE_noname, 60.959, Wheel, -835.7, 0.54, 4-5-6, 0
nszw26001_pdZHBtzAdm,2026-01-27_23-20-45,2026-01-27_23-34-02,ItoE_noname, 60.993, Wheel, -831.0, 0.54, 4-5-6, 0
nszw26001_pdZHBtzAdm,2026-01-27_23-20-45,2026-01-27_23-34-02,ItoE_noname, 61.026, Wheel, -823.4, 0.53, 4-5-6, 0
nszw26001_pdZHBtzAdm,2026-01-27_23-20-45,2026-01-27_23-34-02,ItoE_noname, 61.043, Wheel, -818.2, 0.53, 4-5-6, 0
nszw26001_pdZHBtzAdm,2026-01-27_23-20-45,2026-01-27_23-34-02,ItoE_noname, 61.093, Wheel, -800.0, 0.52, 4-5-6, 0
nszw26001_pdZHBtzAdm,2026-01-27_23-20-45,2026-01-27_23-34-02,ItoE_noname, 61.144, Wheel, -781.3, 0.51, 4-5-6, 0
nszw26001_pdZHBtzAdm,2026-01-27_23-20-45,2026-01-27_23-34-02,ItoE_noname, 62.398, Wheel, -711.0, 0.46, 4-5-6, 0
nszw26001_pdZHBtzAdm,2026-01-27_23-20-45,2026-01-27_23-34-02,ItoE_noname, 62.435, Wheel, -714.8, 0.46, 4-5-6, 0
nszw26001_pdZHBtzAdm,2026-01-27_23-20-45,2026-01-27_23-34-02,ItoE_noname, 62.481, Wheel, -721.6, 0.47, 4-5-6, 0
nszw26001_pdZHBtzAdm,2026-01-27_23-20-45,2026-01-27_23-34-02,ItoE_noname, 62.514, Wheel, -731.0, 0.47, 4-5-6, 0
nszw26001_pdZHBtzAdm,2026-01-27_23-20-45,2026-01-27_23-34-02,ItoE_noname, 63.635, Wheel, -791.0, 0.51, 4-5-6, 0
nszw26001_pdZHBtzAdm,2026-01-27_23-20-45,2026-01-27_23-34-02,ItoE_noname, 63.702, Wheel, -797.8, 0.52, 4-5-6, 0
nszw26001_pdZHBtzAdm,2026-01-27_23-20-45,2026-01-27_23-34-02,ItoE_noname, 63.818, Wheel, -815.1, 0.53, 4-5-6, 0
nszw26001_pdZHBtzAdm,2026-01-27_23-20-45,2026-01-27_23-34-02,ItoE_noname, 63.885, Wheel, -827.4, 0.53, 4-5-6, 0
nszw26001_pdZHBtzAdm,2026-01-27_23-20-45,2026-01-27_23-34-02,ItoE_noname, 63.953, Wheel, -842.4, 0.54, 4-5-6, 0
nszw26001_pdZHBtzAdm,2026-01-27_23-20-45,2026-01-27_23-34-02,ItoE_noname, 64.305, Wheel, -885.6, 0.57, 4-5-6, 0
nszw26001_pdZHBtzAdm,2026-01-27_23-20-45,2026-01-27_23-34-02,ItoE_noname, 64.321, Wheel, -888.2, 0.57, 4-5-6, 0
nszw26001_pdZHBtzAdm,2026-01-27_23-20-45,2026-01-27_23-34-02,ItoE_noname, 64.354, Wheel, -896.3, 0.58, 4-5-6, 0
nszw26001_pdZHBtzAdm,2026-01-27_23-20-45,2026-01-27_23-34-02,ItoE_noname, 64.387, Wheel, -906.7, 0.58, 4-5-6, 0
nszw26001_pdZHBtzAdm,2026-01-27_23-20-45,2026-01-27_23-34-02,ItoE_noname, 65.123, Wheel, -970.3, 0.63, 4-5-6, 0
nszw26001_pdZHBtzAdm,2026-01-27_23-20-45,2026-01-27_23-34-02,ItoE_noname, 65.825, Wheel, -990.7, 0.64, 5-6, 0
nszw26001_pdZHBtzAdm,2026-01-27_23-20-45,2026-01-27_23-34-02,ItoE_noname, 65.893, Wheel, -997.7, 0.64, 5-6, 0
nszw26001_pdZHBtzAdm,2026-01-27_23-20-45,2026-01-27_23-34-02,ItoE_noname, 65.993, Wheel, -1013.3, 0.65, 5-6, 0
nszw26001_pdZHBtzAdm,2026-01-27_23-20-45,2026-01-27_23-34-02,ItoE_noname, 66.160, Wheel, -1037.8, 0.67, 5-6, 0
nszw26001_pdZHBtzAdm,2026-01-27_23-20-45,2026-01-27_23-34-02,ItoE_noname, 67.799, Wheel, -1071.0, 0.69, 5-6-7, 0
nszw26001_pdZHBtzAdm,2026-01-27_23-20-45,2026-01-27_23-34-02,ItoE_noname, 67.832, Wheel, -1074.8, 0.69, 6-7, 0
nszw26001_pdZHBtzAdm,2026-01-27_23-20-45,2026-01-27_23-34-02,ItoE_noname, 67.883, Wheel, -1084.6, 0.70, 6-7, 0
nszw26001_pdZHBtzAdm,2026-01-27_23-20-45,2026-01-27_23-34-02,ItoE_noname, 67.916, Wheel, -1093.4, 0.70, 6-7, 0
nszw26001_pdZHBtzAdm,2026-01-27_23-20-45,2026-01-27_23-34-02,ItoE_noname, 68.033, Wheel, -1123.4, 0.72, 6-7, 0
nszw26001_pdZHBtzAdm,2026-01-27_23-20-45,2026-01-27_23-34-02,ItoE_noname, 68.283, Wheel, -1161.2, 0.75, 6-7-8, 0
nszw26001_pdZHBtzAdm,2026-01-27_23-20-45,2026-01-27_23-34-02,ItoE_noname, 68.316, Wheel, -1166.8, 0.75, 6-7-8, 0
nszw26001_pdZHBtzAdm,2026-01-27_23-20-45,2026-01-27_23-34-02,ItoE_noname, 68.334, Wheel, -1171.2, 0.75, 6-7-8, 0
nszw26001_pdZHBtzAdm,2026-01-27_23-20-45,2026-01-27_23-34-02,ItoE_noname, 68.367, Wheel, -1182.6, 0.76, 6-7-8, 0
nszw26001_pdZHBtzAdm,2026-01-27_23-20-45,2026-01-27_23-34-02,ItoE_noname, 68.418, Wheel, -1201.1, 0.77, 6-7-8, 0
nszw26001_pdZHBtzAdm,2026-01-27_23-20-45,2026-01-27_23-34-02,ItoE_noname, 68.769, Wheel, -1263.3, 0.81, 6-7-8, 0
nszw26001_pdZHBtzAdm,2026-01-27_23-20-45,2026-01-27_23-34-02,ItoE_noname, 68.786, Wheel, -1266.1, 0.81, 6-7-8, 0
nszw26001_pdZHBtzAdm,2026-01-27_23-20-45,2026-01-27_23-34-02,ItoE_noname, 68.818, Wheel, -1274.6, 0.82, 6-7-8, 0
nszw26001_pdZHBtzAdm,2026-01-27_23-20-45,2026-01-27_23-34-02,ItoE_noname, 68.851, Wheel, -1285.3, 0.83, 6-7-8, 0
nszw26001_pdZHBtzAdm,2026-01-27_23-20-45,2026-01-27_23-34-02,ItoE_noname, 69.570, Wheel, -1350.2, 0.87, 6-7-8, 0
nszw26001_pdZHBtzAdm,2026-01-27_23-20-45,2026-01-27_23-34-02,ItoE_noname, 69.604, Wheel, -1354.2, 0.87, 6-7-8, 0
nszw26001_pdZHBtzAdm,2026-01-27_23-20-45,2026-01-27_23-34-02,ItoE_noname, 69.688, Wheel, -1369.2, 0.88, 6-7-8, 0
nszw26001_pdZHBtzAdm,2026-01-27_23-20-45,2026-01-27_23-34-02,ItoE_noname, 69.738, Wheel, -1380.5, 0.89, 6-7-8, 0
nszw26001_pdZHBtzAdm,2026-01-27_23-20-45,2026-01-27_23-34-02,ItoE_noname, 70.139, Wheel, -1426.9, 0.92, 6-7-8, 0
nszw26001_pdZHBtzAdm,2026-01-27_23-20-45,2026-01-27_23-34-02,ItoE_noname, 70.189, Wheel, -1433.4, 0.92, 6-7-8, 0
nszw26001_pdZHBtzAdm,2026-01-27_23-20-45,2026-01-27_23-34-02,ItoE_noname, 70.207, Wheel, -1437.2, 0.92, 6-7-8, 0
nszw26001_pdZHBtzAdm,2026-01-27_23-20-45,2026-01-27_23-34-02,ItoE_noname, 70.240, Wheel, -1447.4, 0.93, 6-7-8, 0
nszw26001_pdZHBtzAdm,2026-01-27_23-20-45,2026-01-27_23-34-02,ItoE_noname, 70.289, Wheel, -1464.6, 0.94, 7-8, 0
nszw26001_pdZHBtzAdm,2026-01-27_23-20-45,2026-01-27_23-34-02,ItoE_noname, 70.692, Wheel, -1525.7, 0.98, 7-8, 0
nszw26001_pdZHBtzAdm,2026-01-27_23-20-45,2026-01-27_23-34-02,ItoE_noname, 70.708, Wheel, -1528.2, 0.98, 7-8, 0
nszw26001_pdZHBtzAdm,2026-01-27_23-20-45,2026-01-27_23-34-02,ItoE_noname, 70.742, Wheel, -1532.5, 0.98, 7-8, 0
nszw26001_pdZHBtzAdm,2026-01-27_23-20-45,2026-01-27_23-34-02,ItoE_noname, 70.791, Wheel, -1537.5, 0.99, 7-8, 0
nszw26001_pdZHBtzAdm,2026-01-27_23-20-45,2026-01-27_23-34-02,ItoE_noname, 71.243, Wheel, -1550.2, 0.99, 7-8, 0
nszw26001_pdZHBtzAdm,2026-01-27_23-20-45,2026-01-27_23-34-02,ItoE_noname, 71.260, Wheel, -1550.2, 0.99, 7-8, 0
nszw26001_pdZHBtzAdm,2026-01-27_23-20-45,2026-01-27_23-34-02,ItoE_noname, 71.293, Wheel, -1550.4, 0.99, 7-8, 0
nszw26001_pdZHBtzAdm,2026-01-27_23-20-45,2026-01-27_23-34-02,ItoE_noname, 71.326, Wheel, -1550.5, 0.99, 7-8, 0
nszw26001_pdZHBtzAdm,2026-01-27_23-20-45,2026-01-27_23-34-02,ItoE_noname, 71.660, Wheel, -1551.0, 1.00, 7-8, 0
nszw26001_pdZHBtzAdm,2026-01-27_23-20-45,2026-01-27_23-34-02,ItoE_noname, 71.694, Wheel, -1551.0, 1.00, 7-8, 0
nszw26001_pdZHBtzAdm,2026-01-27_23-20-45,2026-01-27_23-34-02,ItoE_noname, 71.710, Wheel, -1551.0, 1.00, 7-8, 0
nszw26001_pdZHBtzAdm,2026-01-27_23-20-45,2026-01-27_23-34-02,ItoE_noname, 71.745, Wheel, -1551.0, 1.00, 7-8, 0
nszw26001_pdZHBtzAdm,2026-01-27_23-20-45,2026-01-27_23-34-02,ItoE_noname, 71.762, Wheel, -1551.0, 1.00, 7-8, 0
nszw26001_pdZHBtzAdm,2026-01-27_23-20-45,2026-01-27_23-34-02,ItoE_noname, 89.134, Wheel, 20.0, 0.00, 0, 1
nszw26001_pdZHBtzAdm,2026-01-27_23-20-45,2026-01-27_23-34-02,ItoE_noname, 89.150, Wheel, 20.0, 0.00, 0, 1
nszw26001_pdZHBtzAdm,2026-01-27_23-20-45,2026-01-27_23-34-02,ItoE_noname, 89.201, Wheel, 20.0, 0.00, 0, 1
nszw26001_pdZHBtzAdm,2026-01-27_23-20-45,2026-01-27_23-34-02,ItoE_noname, 89.251, Wheel, 20.0, 0.00, 0, 1
nszw26001_pdZHBtzAdm,2026-01-27_23-20-45,2026-01-27_23-34-02,ItoE_noname, 91.307, Wheel, 20.0, 0.00, 0, 1
nszw26001_pdZHBtzAdm,2026-01-27_23-20-45,2026-01-27_23-34-02,ItoE_noname, 91.325, Wheel, 20.0, 0.00, 0, 1
nszw26001_pdZHBtzAdm,2026-01-27_23-20-45,2026-01-27_23-34-02,ItoE_noname, 91.358, Wheel, 20.0, 0.00, 0, 1
nszw26001_pdZHBtzAdm,2026-01-27_23-20-45,2026-01-27_23-34-02,ItoE_noname, 91.441, Wheel, 20.0, 0.00, 0, 1
nszw26001_pdZHBtzAdm,2026-01-27_23-20-45,2026-01-27_23-34-02,ItoE_noname, 91.741, Wheel, 20.0, 0.00, 0, 1
nszw26001_pdZHBtzAdm,2026-01-27_23-20-45,2026-01-27_23-34-02,ItoE_noname, 91.759, Wheel, 20.0, 0.00, 0, 1
nszw26001_pdZHBtzAdm,2026-01-27_23-20-45,2026-01-27_23-34-02,ItoE_noname, 92.846, Wheel, 20.0, 0.00, 0, 1
nszw26001_pdZHBtzAdm,2026-01-27_23-20-45,2026-01-27_23-34-02,ItoE_noname, 92.879, Wheel, 20.0, 0.00, 0, 1
nszw26001_pdZHBtzAdm,2026-01-27_23-20-45,2026-01-27_23-34-02,ItoE_noname, 93.232, Wheel, 20.0, 0.00, 0, 1
nszw26001_pdZHBtzAdm,2026-01-27_23-20-45,2026-01-27_23-34-02,ItoE_noname, 93.248, Wheel, 20.0, 0.00, 0, 1
nszw26001_pdZHBtzAdm,2026-01-27_23-20-45,2026-01-27_23-34-02,ItoE_noname, 93.264, Wheel, 20.0, 0.00, 0, 1
nszw26001_pdZHBtzAdm,2026-01-27_23-20-45,2026-01-27_23-34-02,ItoE_noname, 93.298, Wheel, 20.0, 0.00, 0, 1
nszw26001_pdZHBtzAdm,2026-01-27_23-20-45,2026-01-27_23-34-02,ItoE_noname, 95.539, Wheel, 20.0, 0.00, 0, 1
